{"cameraMode":{"drawMode":0,"name":"Shaded","section":"Shading Mode"},"sceneLighting":true,"audioPlay":false,"sceneViewState":{"showFog":true,"showMaterialUpdate":false,"showSkybox":true,"showFlares":true,"showImageEffects":true,"showParticleSystems":true},"in2DMode":false,"pivot":{"x":-63.85883331298828,"y":-6.3461456298828129,"z":22.04999542236328},"rotation":{"x":0.19197943806648255,"y":0.7035598754882813,"z":-0.20588147640228272,"w":0.6527507305145264},"size":89.28145599365235,"orthographic":false}