{"cameraMode":{"drawMode":0,"name":"Shaded","section":"Shading Mode"},"sceneLighting":true,"audioPlay":false,"sceneViewState":{"showFog":true,"showMaterialUpdate":false,"showSkybox":true,"showFlares":true,"showImageEffects":true,"showParticleSystems":true},"in2DMode":false,"pivot":{"x":-41.31509780883789,"y":-39.52593994140625,"z":-86.27705383300781},"rotation":{"x":-0.2511386573314667,"y":-0.004732676316052675,"z":-0.00012097057333448902,"w":-0.968113362789154},"size":154.16746520996095,"orthographic":false}