{"cameraMode":{"drawMode":0,"name":"Shaded","section":"Shading Mode"},"sceneLighting":true,"audioPlay":false,"sceneViewState":{"showFog":true,"showMaterialUpdate":false,"showSkybox":true,"showFlares":true,"showImageEffects":true,"showParticleSystems":true},"in2DMode":false,"pivot":{"x":-53.7530403137207,"y":17.73248291015625,"z":64.57659149169922},"rotation":{"x":-0.0026085497811436655,"y":0.9966822266578674,"z":-0.07370033115148545,"w":-0.035906173288822177},"size":14.481674194335938,"orthographic":false}