{"cameraMode":{"drawMode":0,"name":"Shaded","section":"Shading Mode"},"sceneLighting":true,"audioPlay":false,"sceneViewState":{"showFog":true,"showMaterialUpdate":false,"showSkybox":true,"showFlares":true,"showImageEffects":true,"showParticleSystems":true},"in2DMode":false,"pivot":{"x":-66.89706420898438,"y":31.750408172607423,"z":-50.45891571044922},"rotation":{"x":0.14180271327495576,"y":0.5251246094703674,"z":-0.08923179656267166,"w":0.8345425128936768},"size":44.64174270629883,"orthographic":false}