{"cameraMode":{"drawMode":0,"name":"Shaded","section":"Shading Mode"},"sceneLighting":true,"audioPlay":false,"sceneViewState":{"showFog":true,"showMaterialUpdate":false,"showSkybox":true,"showFlares":true,"showImageEffects":true,"showParticleSystems":true},"in2DMode":false,"pivot":{"x":-61.756553649902347,"y":43.04951095581055,"z":-35.65798568725586},"rotation":{"x":0.24548131227493287,"y":0.22781015932559968,"z":-0.05947466194629669,"w":0.9405284523963928},"size":9.452047348022461,"orthographic":false}