{"cameraMode":{"drawMode":0,"name":"Shaded","section":"Shading Mode"},"sceneLighting":false,"audioPlay":false,"sceneViewState":{"showFog":true,"showMaterialUpdate":false,"showSkybox":true,"showFlares":true,"showImageEffects":true,"showParticleSystems":true},"in2DMode":false,"pivot":{"x":-6.0776753425598148,"y":0.10764110088348389,"z":-0.0007337331771850586},"rotation":{"x":-0.13934199512004853,"y":0.8152941465377808,"z":-0.21930837631225587,"w":-0.5177389979362488},"size":7.514555931091309,"orthographic":false}