{"cameraMode":{"drawMode":0,"name":"Shaded","section":"Shading Mode"},"sceneLighting":true,"audioPlay":false,"sceneViewState":{"showFog":true,"showMaterialUpdate":false,"showSkybox":true,"showFlares":true,"showImageEffects":true,"showParticleSystems":true},"in2DMode":false,"pivot":{"x":11.704826354980469,"y":-124.57251739501953,"z":-16.74227523803711},"rotation":{"x":-0.48670995235443118,"y":0.03729841485619545,"z":-0.022313399240374566,"w":-0.8726747035980225},"size":105.33819580078125,"orthographic":false}