{"cameraMode":{"drawMode":0,"name":"Shaded","section":"Shading Mode"},"sceneLighting":true,"audioPlay":false,"sceneViewState":{"showFog":true,"showMaterialUpdate":false,"showSkybox":true,"showFlares":true,"showImageEffects":true,"showParticleSystems":true},"in2DMode":false,"pivot":{"x":-1.690230369567871,"y":6.5987114906311039,"z":-6.566514015197754},"rotation":{"x":0.08526735007762909,"y":0.7305110692977905,"z":-0.0907372385263443,"w":0.6717058420181274},"size":16.3367919921875,"orthographic":false}